station_id,name,short_name,latitude,longitude,capacity
7dda8844-60ba-4449-b05c-54c1d14ab5fb,Broadway & Morris St,5033.01,40.705945132708806,-74.013218879699693,69
66ddea99-0aca-11e7-82f6-3863bb44ef7c,10 St & 7 Ave,3762.08,40.6662078,-73.98199886,23
06439006-11b6-44f0-8545-c9d39035f32a,Vesey St & Church St,5216.06,40.712219580090512,-74.010472297668457,78
2206778196198800034,Yellowstone Blvd & 68 Ave,5667.08,40.7263,-73.84841,0
2206779090602992084,68 Dr & 112 St,5657.06,40.72704,-73.84128,0
2206779404135604698,70 Rd & 112 St,5543.05,40.72371,-73.83959,0
2206780889143294664,Queens Blvd N & 75 Ave,5434.08,40.71894,-73.8377,0
2206781040135081610,Austin St & 76 Ave,5324.03,40.71612,-73.83735,0
2206782424530885178,Queens Blvd N & 78 Ave,5355.06,40.71532,-73.83226,0
66dc292c-0aca-11e7-82f6-3863bb44ef7c,Broadway & W 41 St,6560.01,40.75513557,-73.98658032,55
0f45bcf6-7028-4584-a51e-4129847dbebc,4 Ave & E 12 St,5788.15,40.732647,-73.99011,39
b35ba3c0-d3e8-4b1a-b63b-73a7bb518c9e,Irving Ave & Palmetto St,4775.01,40.698,-73.9127,20
1795146692060860976,Longfellow Ave & Aldus St,7983.02,40.823194485423571,-73.887629109820963,24
2171919049376995084,10 Ave & W 34 St,6535.05,40.754769862842693,-73.999145884496983,33
2206775039911987038,63 Dr & Austin St,5685.04,40.72713,-73.86416,0
1a083890-e22b-4f81-8d98-567784034916,Cedar Ave & W Fordham Rd,8575.02,40.86156,-73.91219,24
fd0e86e3-079d-40aa-8231-ec2cbdbd9e7f,34 St & 4 Ave,3492.04,40.655278,-74.003101,23
2206778896946400902,108 St & Jewel Ave,5582.06,40.72374,-73.8448,0
2206778716019602458,Queens Blvd S & Yellowstone Blvd,5551.14,40.72261,-73.84721,0
2206781222579094026,Queens Blvd S & 76 Rd,5395.08,40.7172,-73.83524,0
66db65aa-0aca-11e7-82f6-3863bb44ef7c,Lafayette St & E 8 St,5788.13,40.730206605299543,-73.991026282310486,0
5f968a1b-ee60-43a0-ad25-05211e09e436,Eldert St & Bushwick Ave,4399.03,40.68652,-73.91321,22
a93cb1ec-fb37-4faf-a7e7-d1e5a9e9af95,Central Park W & W 91 St,7453.01,40.788664991278843,-73.966800570487976,48
2206775291229258176,98 St & 64 Rd,5795.07,40.72973,-73.85817,18
2206777859619701214,112 St & 67 Rd,5777.03,40.72955,-73.84263,18
2206777693817385998,Yellowstone Blvd & 67 Rd,5667.03,40.72782,-73.84924,16
66dd20eb-0aca-11e7-82f6-3863bb44ef7c,Huron St & Franklin St,5869.04,40.73266,-73.95826,35
1880643915885220532,Eastern Pkwy & Franklin Ave (SW Corner),3919.12,40.670529,-73.958222,30
66db40ef-0aca-11e7-82f6-3863bb44ef7c,Lafayette St & Jersey St,5561.06,40.72456089,-73.99565293,60
2206776383852360704,Yellowstone Blvd & 65 Ave,5786.02,40.73103,-73.85128,14
993fc83f-52c6-43f4-bb49-4abe4ad48150,Windsor Pl & Howard Pl,3579.04,40.659490558938963,-73.980139195919037,24
1846085626867634660,Forley St & Lamont Ave,6198.03,40.74463,-73.87386,21
203d7b9a-8666-4af1-81c7-f9fc36aa0952,Anderson Ave & W 164 St,8096.03,40.832057,-73.927421,19
2206772278401797754,Grand Central Pkwy & 62 Dr,6011.04,40.73694,-73.84601,0
2206779232336912856,113 St & Jewel Ave,5614.03,40.72521,-73.83928,0
2206779647897746102,71 Ave & 110 St,5543.03,40.72232,-73.8417,0
2206778533929566696,69 Ave & Queens Blvd N,5551.12,40.72398,-73.84872,0
2206782596968628766,78 Ave & Queens Blvd S,5283.02,40.7149,-73.83247,0
d6834194-029d-4e2d-83b0-ee78ab5acda2,29 St & 5 Ave,3523.06,40.656986,-73.998194,19
5780ae63-54e5-48e3-a00c-9c403cb75401,41 St & 4 Ave,3347.03,40.651354,-74.007168,23
1964061627836181486,Central Park S & Grand Army Plaza,6839.15,40.764555,-73.973473,85
dad3b7df-ec40-4d54-bfdb-5e82be84d742,Frederick Douglass Blvd & W 139 St,7876.07,40.819005818065577,-73.944768905639648,22
844c68cc-19f0-474a-86d3-4af170117aae,Grand Concourse & E Mosholu Pkwy S,8795.03,40.877964,-73.8847550291,21
67f60e7e-397a-4e47-b7f9-d10bd67133b3,W 51 St & Rockefeller Plaza,6700.14,40.75973805251143,-73.978116139769554,51
623c9658-5544-4254-847e-738763cf45a3,36 St & 47 Ave,6143.01,40.742218349960957,-73.929351568222046,19
e35494b4-5811-4d2a-87de-4430e56bce2d,Amsterdam Ave & W 189 St,8432.11,40.853187588619747,-73.927157521247864,21
2206777248062022082,67 Ave & Queens Blvd S,5634.01,40.72672,-73.85393,18
2206776530802483646,Austin St & 66 Ave,5600.01,40.72499,-73.85787,12
c01a9c97-6c04-4e3f-ad0b-958801d94ca1,Bay St & Court St,3931.09,40.671409,-74.001328,26
b9970fb5-176c-4a66-8772-6d76c4b6245a,Southern Blvd & E 175 St,8196.02,40.839335,-73.886445,19
1945126147213275898,Clifton Pl & Bedford Ave,4485.10,40.688655,-73.955156,23
2206779820747432414,Queens Blvd N & 71 Ave,5474.06,40.72144,-73.84363,0
1954778813955578360,Waverly Ave & Lafayette Ave,4461.07,40.688231,-73.966804,0
1989279523593928720,Vesey St & Greenwich St,5216.07,40.712546694635471,-74.011130510875162,111
1929513834381415014,Riverside Dr E & W 155 St,8142.03,40.834097985815255,-73.948349741948164,23
2206778041579977376,110 St & 68 Ave,5701.01,40.72774,-73.84429,0
2206780234736615936,Austin St & 70 Rd,5443.02,40.72047,-73.84576,0
2206780420991859398,Queens Blvd N & 72 Rd,5434.07,40.7202,-73.84044,0
1e590819-53fd-415c-bc28-aed605ad3bcb,Skillman Ave & 43 Ave,6300.04,40.746537619780547,-73.932158499956131,19
a35d03cf-bd72-4da4-a4ac-bd25b3f8dce3,DeKalb Ave & Franklin Ave,4528.01,40.690648070829432,-73.957461789250374,0
bca594e5-779f-4866-bd6b-818871f97d38,President St & 4 Ave,4101.17,40.676757,-73.983262,31
66f68197-4897-4576-896a-48e0312104c5,Franklin Ave & St Marks Ave,4107.05,40.6758324,-73.9561677,29
66dbc8f5-0aca-11e7-82f6-3863bb44ef7c,Christopher St & Greenwich St,5847.01,40.73291553,-74.00711384,74
66dc7b10-0aca-11e7-82f6-3863bb44ef7c,W 51 St & 6 Ave,6740.10,40.7606597,-73.98042047,81
95a52ce4-3597-47d1-8d6f-427cb3b8ca6a,W 165 St & Fort Washington Ave,8226.05,40.84004,-73.942939,27
2206776188238371350,99 St & 65 Rd,5753.02,40.72903,-73.85536,14
2206775732971837972,Queens Blvd S & 65 Rd,5677.04,40.72853,-73.85832,18
14391923-6727-4359-92e9-03e0b5094753,E 77 St & 1 Ave,7020.02,40.770955538692348,-73.953562080969263,52
1905394575114219798,Jackson Ave & 49 Ave,6170.09,40.7429302,-73.952037,0
1856767203049599002,51 Ave & Alstyne Ave,6180.05,40.74311,-73.85715,21
2206780606343384712,72 Rd & 113 St,5504.05,40.7213,-73.8371,0
2206780035495797216,Queens Blvd S & 71 Ave,5513.11,40.72146,-73.844310000000007,0
2206778340656038370,Booth St & 68 Dr,5591.08,40.72392,-73.85102,0
1945126022626996350,DeKalb Ave & Bedford Ave,4562.02,40.690894,-73.955195,27
0efa08a3-1c38-48fe-ab37-8c9b72b20126,30 St & 4 Ave,3564.04,40.657743,-74.001141,3
2527619f-ef89-425c-bf3b-60cc0ec519bf,W 15 St & 10 Ave,6115.09,40.742753828659033,-74.007473587989807,57
2206776688665279120,110 St & 66 Rd,5818.07,40.73017,-73.84568,16
2206777412304050722,Queens Blvd N & 67 Rd,5634.03,40.72667,-73.85223,25
2206776896907975198,108 St & 66 Rd,5744.07,40.72951,-73.84794,20
2206777071047128072,66 Rd & 102 St,5710.04,40.72849,-73.85187,18
66dc462a-0aca-11e7-82f6-3863bb44ef7c,W 15 St & 7 Ave,6030.06,40.73935542,-73.99931783,79
ff1e98d3-ae7d-4c53-a531-1845bee1d346,W Mosholu Pkwy S & Sedgwick Ave,8841.03,40.88226,-73.88702,37
398ebef6-dcc2-4305-b1d2-47efafdaa85c,Sterling Pl & Rochester Ave,3925.03,40.67128,-73.92825,22
266c8621-fdea-4a7e-9d35-18ca1684d526,69 St & 38 Ave,6298.04,40.746945045245191,-73.896502554416656,24
2116885590974001526,Port Liberte Ferry Terminal,JC141,40.68878,-74.07592,0
823c0615-2832-4e76-85f0-7cf527151aba,Grand St & 14 St,HB506,40.75409,-74.0316,19
2200370074509315024,Bay St & Washington St,JC148,40.720216,-74.03656,30
2195267602732060282,Stegman St & Ocean Ave,JC147,40.7029,-74.08138,0
66dd58f2-0aca-11e7-82f6-3863bb44ef7c,Paulus Hook,JC002,40.7141454,-74.0335519,14
2058728861810389252,Newark St & Washington St,HB612,40.73681,-74.0309,22
cbc48689-7805-49dd-9669-5471f4b7b6fb,Hoboken Terminal - Hudson St & Hudson Pl,HB101,40.735937584463286,-74.030304551124573,24
af72ab76-c6cb-4994-af96-51fa8846ecdc,Bergen St & Saratoga Ave,4064.03,40.67423,-73.91656,20
8f1fdf4b-ecca-4f03-b04c-e10fe596e2c7,St Nicholas Ave & W 150 St,8013.07,40.827212,-73.942722,26
2127386600787000162,E 196 St & Valentine Ave,8635.09,40.86744,-73.89198,25
afc79a38-e26d-48f7-94e4-d0aca8fd1c49,57 St & 43 Ave,6158.06,40.74324,-73.908,20
9a40cb60-6ede-4c9e-9d64-dc55cae57f31,28 St & 41 Ave,6462.19,40.751047,-73.93797,27
2171904090179944948,Bainbridge Ave & E 211 St,8837.06,40.88206,-73.87808,20
e34bb92f-6911-449a-999b-5bc80e0322fe,Hancock St & Stuyvesant Ave,4383.06,40.68454,-73.9322,19
067d5007-bda5-4697-b0a2-ccc2837f295c,24 St & 38 Ave,6581.14,40.756351,-73.936515,19
2229057967489558016,Bruckner Blvd & Faile St,7944.12,40.820992,-73.889992,24
653ba606-f397-41e6-adc4-f775bf2d0c9f,Herkimer St & New York Ave,4172.04,40.67955,-73.94709,25
1828968462257099768,32 Ave & 84 St,6636.04,40.75793,-73.88401,19
1828968082192898522,86 St & 37 Ave,6399.06,40.75,-73.88062,22
5b4a90b8-426d-4a40-a7ca-87e51d690883,W 113 St & Broadway,7713.01,40.805973,-73.964928,39
2158919319277979600,Mallory Ave & Roosevelt Ave,JC145,40.72203,-74.08596,14
1828967979464708718,87 St & Roosevelt Ave,6356.01,40.74825,-73.87936,23
576abdc1-986e-48b0-bde2-051a13d3ff59,39 St & Queens Blvd,6218.04,40.74431,-73.92601,21
00967b8f-1a4d-4131-a65a-17fa8ca89e28,41 Ave & 67 St,6225.03,40.74446,-73.89764,20
2177014969129222184,Henry Hudson Pkwy E & W 231 St,8838.06,40.88336,-73.91505,12
1851254360969534132,Benham St & Roosevelt Ave,6314.09,40.74841,-73.8751,24
85ba92ab-8d0a-4d17-9d07-0173e16d3b6d,Monroe St & Patchen Ave,4491.09,40.68814,-73.92693,20
4c3b6e25-b0c2-4a3f-b07e-cd60cd1b0ac0,Anthony Ave & E Tremont Ave,8356.04,40.848793,-73.903178,20
e5b2a7ce-d867-465b-8446-743e00617068,47 Ave & 48 St,6092.01,40.74086,-73.91708,20
1836581714456697424,93 St & Roosevelt Ave,6390.05,40.74888,-73.87368,24
0f9423bd-98dd-4919-b6e3-28880ff7ecca,Woodside Ave & 69 St,6183.03,40.7428,-73.89584,19
1848241332086049696,Case St & 94 St,6273.03,40.74619,-73.87193,21
2108372562172578194,Arlington Ave & Bramhall Ave,JC120,40.713225,-74.070645,18
2116635993049651742,Ferris Triangle Park,JC137,40.69877,-74.09216,12
a59f4f11-5d52-43a2-8a32-ae71137a6af8,Grand St,JC102,40.715177677320291,-74.037683308124542,18
66dddae7-0aca-11e7-82f6-3863bb44ef7c,Manila & 1st,JC082,40.721650724879993,-74.042884111404419,18
581211b2-4e42-48f2-8a8f-5f968cb1c5df,Bergen Ave & Sip Ave,JC109,40.73100888698729,-74.064437001943588,33
66dcbac5-0aca-11e7-82f6-3863bb44ef7c,Lewis Ave & Decatur St,4237.01,40.6814598,-73.934903,19
1835246937517543544,24 Ave & 92 St,6913.03,40.76589,-73.87789,20
2218677133489064082,E 70 St & Madison Ave,7036.07,40.77059,-73.96655,44
d52d4171-fd60-4a28-b7e2-89f3693e0591,53 St & Flushing Ave,5257.01,40.71435,-73.91405,19
1318e05a-2506-43c6-b49d-4c1f7f69a267,Hancock St & Wyckoff Ave,4735.16,40.6972,-73.90674,19
e1886e7a-62b1-4359-9835-8ab5a16371ae,Grand Concourse & E 175 St,8303.06,40.846275929219537,-73.909312784671783,24
66dd039b-0aca-11e7-82f6-3863bb44ef7c,N 6 St & Bedford Ave,5379.10,40.71745169,-73.95850939,28
1841240663447542046,72 St & Broadway,6258.02,40.74751,-73.89372,20
122111c9-9a61-4372-a756-fb2495611cb6,7 Ave & 17 St,3660.07,40.660937794931677,-73.986804485321045,21
2177017052188360762,Fieldston Rd & Mosholu Ave,9068.04,40.90524,-73.90054,13
74e104fb-1ddc-4f3e-a60b-220b6c4f300b,Madison St & Cypress Ave,4807.02,40.70068,-73.90742,17
1828968611856235508,31 Ave & 86 St,6709.05,40.75958,-73.88219,19
676b7b4d-b1c0-4c97-8ac3-5fe665e51108,Harlem River Dr & W 155 St,8085.13,40.830476,-73.939929,24
66dd7cab-0aca-11e7-82f6-3863bb44ef7c,Hilltop,JC019,40.7311689,-74.0575736,26
66ddd93e-0aca-11e7-82f6-3863bb44ef7c,Jersey & 6th St,JC027,40.725289107811321,-74.045571684837341,14
1862002854876824190,Elmhurst Ave & Forley St,6240.05,40.74615,-73.87763,21
7f4753d7-8d58-48bd-a881-de5bff08b27d,72 St & 41 Ave,6258.03,40.7448,-73.89377,26
2124425670552673214,4 Ave & 72 St,2660.09,40.63283,-74.02439,14
66db79a3-0aca-11e7-82f6-3863bb44ef7c,Fulton St & Broadway,5175.08,40.711066,-74.009447,49
b9d3134b-697f-4a0f-b90f-d95f6c69ffda,Decatur St & Saratoga Ave,4366.10,40.68332,-73.91711,21
61647ec6-dfd6-4d1c-8800-d488d390c627,King St & Varick St,5687.11,40.727897014090232,-74.005362689495072,36
9092515e-eef6-478f-910f-1cd19d06bebb,Broadway & Hancock St,4441.06,40.686610649508367,-73.916832189648886,35
a0eec052-257a-4c79-8171-6e2ad9864ad0,Ave D & E 10 St,5575.13,40.725065510154749,-73.975158333778381,30
1057229c-f8f8-4014-80cd-f40421c61cf0,Onderdonk Ave & Gates Ave,4994.10,40.70413,-73.90737,19
1835247352748090208,Jackson Mill Rd & 24 Ave,6877.05,40.76619,-73.87561,24
facb0195-8daa-46e3-95e1-6f22fb678e8a,Prospect Ave & Jennings St,8099.04,40.831762,-73.896853,20
c0b541ae-9e66-4739-babb-483180747dc2,48 Ave & 37 St,6067.01,40.740346680871852,-73.928860723972321,19
3134bce7-0bb9-4a45-9c87-60a8cb681d72,Central Ave & Woodbine St,4632.10,40.69296,-73.91605,18
034f7f3d-e632-475a-aa01-894480d153df,Skillman Ave & Honeywell St,6334.03,40.7471482490328,-73.929024338722229,19
82b97827-1801-4b7b-b3de-16447a8dd025,Jefferson Ave & Patchen Ave,4375.02,40.68609,-73.92628,19
1934749166596673908,Washington Pl & Greene St,5755.15,40.729806191804961,-73.995463809154614,46
1838070843306263244,112 St & Northern Blvd,6683.01,40.75788,-73.85763,20
1862008939006380034,E 189 St & Bathgate Ave,8505.08,40.85859,-73.88821,21
66dd23a9-0aca-11e7-82f6-3863bb44ef7c,Jackson Ave & 46 Rd,6203.02,40.74524768,-73.94733276,27
7a8b474b-7577-4316-a192-d57576d194a3,Woodside Ave & 60 St,6234.04,40.74521,-73.90462,21
a3e2b360-f050-48ea-b8c8-57d897b8f7fc,Harman St & Seneca Ave,5002.09,40.70577,-73.91292,19
1828969417249358046,100 St & Northern Blvd,6618.02,40.75748,-73.86843,22
84b30f68-5404-453a-ae86-a2baff03a2c9,Bainbridge Ave & Bedford Park Blvd,8682.06,40.87002,-73.88565,19
1885440410432338078,E 182 St & Grand Concourse,8494.07,40.85591,-73.90051,26
1869754143518014264,78 St & Northern Blvd,6603.07,40.75499,-73.88905,40
4cfd4097-0aee-4f11-9aea-55f99397bf33,Irving Ave & Halsey St,4695.04,40.69467,-73.90663,19
081d243e-d75e-4e2a-bdae-a990b2397532,Lewis Ave & Greene Ave,4543.07,40.68995,-73.9365,23
d7a7789b-a052-4a69-a4ec-59436b0f8d75,West Farms Rd & Boone Ave,8076.08,40.8301283948092,-73.88630211353302,20
66dd836d-0aca-11e7-82f6-3863bb44ef7c,Christ Hospital,JC034,40.734785818,-74.050443636,22
1862008701134683118,Arthur Ave & E 183 St,8430.03,40.85307,-73.88953,25
2177016940364559212,David Sheridan Plaza & Broadway,9074.06,40.90501,-73.89663,16
55a4dc76-d839-4e06-9bf4-2f343391343c,Woodward Ave & Harman St,5074.08,40.70793,-73.91092,19
372c592e-09d8-400c-9595-2aa3510f39b0,Central Ave & Himrod St,4713.01,40.69676,-73.92302,25
1860187430946456420,E 176 St & Clinton Ave,8272.08,40.84311,-73.89149,20
b94d0241-bce7-44a9-ab1c-ece0740a4134,21 St & 36 Ave,6729.02,40.7601853,-73.9362726,19
1e83ffdc-8e72-45c0-8210-4f37e60505c9,31 St & Northern Blvd,6495.17,40.751869514218747,-73.933492898941026,35
1834145330979754058,74 St & 37 Ave,6332.06,40.74908,-73.89172,30
add829db-2feb-4e81-af61-056791a6e53b,St Johns Pl & Washington Ave,4001.09,40.6737236,-73.9631611,30
1828966882896859944,77 St & 24 Ave,6825.03,40.76428,-73.89156,19
ee70b21e-4a95-4bdf-802c-50f83a76971d,Cedar St & Evergreen Ave,4721.01,40.69671,-73.92807,25
a4c9faeb-2234-457d-ad56-1ab14104b538,61 St & Woodside Ave,6191.06,40.74501,-73.9036,20
2116635307734817684,Richard St Light Rail,JC133,40.6990691577764,-74.079150106547743,16
66dd5e69-0aca-11e7-82f6-3863bb44ef7c,Union St,JC051,40.7182113,-74.0836394,18
d09709d2-e119-48c4-aa22-29432a13a35a,Bloomfield St & 15 St,HB203,40.75453,-74.02658,14
66dd8479-0aca-11e7-82f6-3863bb44ef7c,Essex Light Rail,JC038,40.7127742,-74.0364857,22
66dd6441-0aca-11e7-82f6-3863bb44ef7c,Newport Pkwy,JC008,40.7287448,-74.0321082,14
66dddf5f-0aca-11e7-82f6-3863bb44ef7c,Leonard Gordon Park,JC080,40.74590996631558,-74.0572714805603,14
66dd80ac-0aca-11e7-82f6-3863bb44ef7c,Newark Ave,JC032,40.72152515,-74.046304543,22
2108372356498784942,Garfield Light Rail,JC119,40.710526,-74.070112,16
2206771530409556572,63 Ave & 99 St,5870.05,40.73302,-73.85714,18
2177016530523622712,Post Rd & W 251 St,8998.03,40.89561,-73.89793,12
b9deb521-41b6-4f8a-ac78-0e58e3977f2c,Stuyvesant Ave & Hart St,4689.08,40.69465,-73.9343,27
ab5c5ee6-9c4e-4aaa-a14e-d236d3e01d9a,43 Ave & 42 St,6251.06,40.745346825809833,-73.9219419658184,24
8b1222da-612f-4482-ab34-9467c4ed28e3,E 135 St & St Ann's Ave,7687.05,40.805089,-73.918889,23
1913988158376585970,Shea Rd & Boat Basin Pl,6633.01,40.75777,-73.84887,29
d7c12bf1-1ec8-496a-beca-90ba76c53241,48 St & Barnett Ave,6358.05,40.750016404259327,-73.915409445762634,18
f417d8da-0f15-49b0-9e3c-3c3e55c2691d,11 St & Washington St,HB502,40.749984909071379,-74.027150273323059,24
22cd02a2-228f-4eeb-b249-cbea51a0e219,York St & Marin Blvd,JC097,40.716615000830494,-74.0424120426178,18
66ddd81a-0aca-11e7-82f6-3863bb44ef7c,Lafayette Park,JC078,40.71346382669195,-74.062858521938324,14
d8778570-f7f2-458d-82f5-9ad39210a501,E 5 St & Cooper Sq,5712.12,40.72769,-73.990993,50
1934770108420609000,Fairmount Pl & Prospect Ave,8272.05,40.843099,-73.889927,18
594b4656-9d83-4301-8967-3b92c126531c,3 Ave & E 112 St,7543.15,40.795508,-73.941606,23
30a75e12-5327-48f0-8155-3925aa934054,57 St & 7 Ave,2861.02,40.638566,-74.010147,22
9e99abca-c679-4788-9a4e-39066660bd6a,Crescent St & Ditmars Blvd,7233.05,40.7787185,-73.9145645,19
09b00240-4c2a-4900-9d09-f13344461c02,31 Pl & Hunters Point Ave,6033.01,40.740213568849242,-73.935370445251465,19
d07790cd-1acd-4f74-b5f1-3d70f8a8a526,50 St & Barnett Ave,6435.03,40.750097682094825,-73.913497030735016,25
7e7d974c-a6ec-4d9a-b4ed-01a4d2056d8b,39 Ave & 54 St,6392.02,40.74891,-73.90899,19
272c0389-5e4a-41a9-ad6c-2dccdfa55af9,Madison St & Forest Ave,5025.02,40.70555,-73.90245,25
1797078913880883846,60 Pl & Bleecker St,5138.03,40.71107,-73.903,19
f3f46097-54cf-4c30-805a-6b2a4851eed7,46 St & 25 Ave,6907.03,40.765753,-73.90676,24
7b56cbab-9d93-4043-bfa5-63eb6b3e5281,Wyckoff Ave & Cooper Ave,4615.01,40.69338,-73.90061,19
66ddd78e-0aca-11e7-82f6-3863bb44ef7c,Morris Canal,JC072,40.7124188237569,-74.038525521755219,14
66dd63de-0aca-11e7-82f6-3863bb44ef7c,Heights Elevator,JC059,40.748715945380233,-74.040443301200867,18
0630217a-3913-47d9-9540-cf85688296a5,37 St & 24 Ave,6981.16,40.7701477,-73.9120938,19
a3d72b5b-9587-4f33-9722-c01e20a9b358,Bushwick Ave & Dekalb Ave,4680.05,40.69502,-73.92825,29
9d23b0e9-a478-407c-a0e0-0aff1b0398fc,Forest Ave & Summerfield St,4798.02,40.69922,-73.89795,23
514f3dda-4d08-464c-b2d4-5706d400065a,39 Ave & 45 St,6401.03,40.749478221834771,-73.918264657258973,19
d08be53f-9691-4d6f-81f3-7d052abb7dd6,Albany Ave & Carroll St,3791.02,40.6667,-73.93972,19
66db479e-0aca-11e7-82f6-3863bb44ef7c,Howard St & Lafayette St,5422.04,40.71910537,-73.99973337,39
3ff00115-e8da-4326-97d3-7bf4fe4df7a5,Macon St & Howard Ave,4408.07,40.68452,-73.92011,20
57f144cb-375d-4eee-b458-e288116cb8f7,Bradley Ave & Greenpoint Ave,5917.02,40.735659148192291,-73.934788405895233,21
2177016197335217002,Broadway & W 242 St,8940.01,40.88917,-73.89875,23
fc774664-3c9b-4a8f-a79e-f6907db00a1d,Astoria Park S & Shore Blvd,7159.08,40.7767,-73.927631,33
21c4a77d-b1ae-4262-b143-087fd14a07b8,Clinton St & 7 St,HB303,40.74542,-74.03332,18
655b0878-c22b-4f8c-8675-21bf30d1eebf,Willow Ave & 12 St,HB505,40.7518674823282,-74.030376970767975,15
8ae0bf30-9979-461e-a947-2dd89f293b40,Clinton St & Newark St,HB409,40.73743,-74.03571,14
66ddd8a8-0aca-11e7-82f6-3863bb44ef7c,Brunswick & 6th,JC081,40.726011729646252,-74.050388932228088,14
1828965887815635862,71 St & 37 Ave,6374.05,40.7488,-73.89451,23
5f2766b0-362e-49e5-ab09-05e2c4b6f626,E Mosholu Pkwy & E 204 St,8748.02,40.8740704,-73.8833650931,19
8fa2fafb-fa07-48b2-b159-bffbea7176d4,Seneca Ave & Decatur St,4757.06,40.69723,-73.89811,20
3d339282-d5c7-41ec-b634-6a988aefd440,E 174 St & Longfellow Ave,8144.09,40.836274,-73.884308,20
1860190006584693708,E 187 St & 3 Ave,8489.06,40.85724,-73.8909,19
b79bb851-130f-473d-83fc-f602aa0a4ca9,Adam Clayton Powell Blvd & W 130 St,7774.02,40.812346,-73.946168,22
b4ae292d-5e89-4c58-8154-0496893394b5,Grand Concourse & E 166 St,8092.06,40.83196,-73.91956,24
6107e75a-2493-4e3d-a3e0-d4886d3416e5,Montgomery St,JC099,40.71942,-74.05099,14
66dd650d-0aca-11e7-82f6-3863bb44ef7c,Dey St,JC065,40.737711,-74.066921,18
2165507807810224012,Danforth Ave & JFK Blvd,JC144,40.70056,-74.09474,16
66dd8b48-0aca-11e7-82f6-3863bb44ef7c,5 Corners Library,JC018,40.734961020009521,-74.0595030784607,18
87091002-cc25-452a-b5d9-f8d0c3fce422,Cypress Ave & Palmetto St,4921.04,40.701573408737922,-73.90876293182373,25
1828969323789472168,92 St & Astoria Blvd,6810.01,40.76313,-73.8772,18
1786696384892428996,Monitor St & Meeker Ave,5473.06,40.721226,-73.941845,21
af626e61-9f83-4602-a9b1-038b1c1430e6,Metropolitan Ave & Flushing Ave,5225.04,40.71334,-73.91572,19
36ddce8f-bd83-4a05-b601-b526fb4d8628,Buffalo Ave & St John's Pl,3885.06,40.67015,-73.92538,21
914e3e7c-87da-4f52-aa03-5449c6361fa2,30 Ave & 21 St,6996.01,40.7703743,-73.9286078,15
1846086027713733188,90 St & 51 Ave,6080.07,40.73937,-73.87411,19
3575749f-123a-4a80-870d-7ca7c7f9c8a9,28 Ave & 35 St,6951.03,40.7671,-73.9169858,27
b53b5e8f-9503-48d1-b3e3-9347ecef38e2,Wyckoff Ave & Gates Ave,4847.03,40.699871408829885,-73.911718726158142,36
201edb67-d071-4b67-bafd-131e5c273e9f,Metropolitan Ave & Stewart Ave,5273.01,40.71401,-73.92793,20
3e1bdcec-e762-4e83-b447-007f05923cce,19 St & 24 Ave,7186.15,40.7774552,-73.9225403,23
16e70b05-5b73-4930-9dcf-f79e5ce9eaf5,44 St & 3 Ave,3315.05,40.651173,-74.011405,23
0de1f95f-8b1b-4e5e-9eff-73c63265b0ab,35 St & 30 Ave,6887.03,40.765475692449527,-73.918115794658661,29
dadd2084-d844-46f5-b7a4-128d31eeba8e,Aqueduct Ave & North St,8535.09,40.8604787,-73.9057169936,20
2163290511399492946,Narrows Ave & MacKay Pl,2803.04,40.63692,-74.03449,12
43318169-d1ae-4a1a-9578-23cfa3fdbac9,Church Sq Park - 5 St & Park Ave,HB601,40.742659332731428,-74.032233059406281,21
2108372029596633484,Dr. Lena Edwards Park,JC117,40.713203,-74.058261,12
66dddd28-0aca-11e7-82f6-3863bb44ef7c,Communipaw & Berry Lane,JC084,40.714358368704268,-74.066610932350159,14
66dd5a42-0aca-11e7-82f6-3863bb44ef7c,Warren St,JC006,40.7211236,-74.03805095,22
66ddddb4-0aca-11e7-82f6-3863bb44ef7c,Monmouth & 6th,JC075,40.725685483629007,-74.048790335655212,14
498d7e8e-5164-4f26-9ce6-399947d73b1a,Suydam St & St Nicholas Ave,5043.06,40.70636,-73.91945,17
d7f55e1b-12db-49d1-9cd8-4fb464745841,65 St & Roosevelt Ave,6267.08,40.74589,-73.89915,30
1864606193814670106,Van Cortlandt Park S & Gouverneur Ave,8876.04,40.88492,-73.89084,25
467e1de6-73a6-480f-9e83-fd1b03b71047,Morgan Ave & Maspeth Ave,5354.01,40.716657,-73.93637,25
66dd0808-0aca-11e7-82f6-3863bb44ef7c,Graham Ave & Herbert St,5403.05,40.71929301,-73.94500379,26
44a80c48-c1a9-4ff1-92eb-6bf8be492f5e,Park Pl & Thomas S. Boyland St,3950.03,40.67154,-73.91433,23
1839334257267825432,4 St & River St,HB611,40.7408139,-74.0274062,14
3371df76-39db-43ab-b3d6-fac0be55311f,Adams St & 2 St,HB407,40.739813723118431,-74.036904126405716,15
9d344652-976b-4c2d-bede-2ef19b0fbf13,6 St & Grand St,HB302,40.7443978330956,-74.034500867128372,18
66dcc8b3-0aca-11e7-82f6-3863bb44ef7c,Willoughby Ave & Tompkins Ave,4665.02,40.69425403,-73.94626915,19
a70b26b7-fbad-4787-bf15-29f7b13a19ab,21 Ave & Shore Blvd,7342.01,40.783956,-73.916894,21
77b21502-a7a2-40b4-8f3e-f9c6c6ef0939,65 St & 35 Ave,6417.04,40.75053,-73.8977,25
66dcca0d-0aca-11e7-82f6-3863bb44ef7c,Myrtle Ave & Marcy Ave,4707.03,40.69539817,-73.94954908,23
1835247745828931742,99 St & 35 Ave,6542.05,40.75404,-73.86887,23
66db46d7-0aca-11e7-82f6-3863bb44ef7c,Ave D & E 8 St,5506.10,40.72368361,-73.97574813,30
e3e6105e-eaa2-43c5-badb-fb8592ad7227,43 St & 35 Ave,6520.06,40.754139,-73.919543,25
6a671276-d345-4a4c-a7df-98f5dbb19e4c,43 St & 37 Ave,6401.01,40.750181,-73.919998,21
2176731427905421244,W 231 St & Tibbett Ave,8806.10,40.88071,-73.90837,15
ed1199e4-d9a6-4d9e-8c81-62bcd7510a11,67 Ave & Fresh Pond Rd,5057.07,40.70575,-73.89676,30
1b962833-d769-418e-b1ef-5a183bb5eb1a,Adam Clayton Powell Blvd & W 151 St,8009.05,40.825289,-73.936232,18
7478be11-37d8-49b1-a253-f0810045f6ff,7 St & Monroe St,HB304,40.746412648377188,-74.037977010011673,22
1849747691035224144,Adams St & 12 St,HB610,40.751889392240685,-74.03329162748534,15
2116885281736356212,Caven Point Recreation Fields,JC140,40.69222,-74.08025,14
2116634708854430228,West Side Ave & Stegman Pkwy,JC131,40.71087,-74.09368,18
c4e9905f-457b-4be0-a878-2aa53fa0b09b,Hart St & Wyckoff Ave,4971.01,40.704876,-73.919911,24
99142ec8-c0e7-47ca-916c-c1097d48e133,Market St & Henry St,5270.09,40.713107023059081,-73.994463533163071,42
e6b6c6e2-5fcb-47cd-8f2d-4324b7c977c8,23 Rd & 31 St,7082.14,40.773367502843392,-73.91382560133934,21
1838685618105506490,98 St & 25 Ave,6840.02,40.76454,-73.87171,20
1814900898997467540,Clarkson Ave & E 37 St,3463.01,40.65577,-73.9432,22
2098714441479661752,Clinton St & Grand St,5303.06_,40.71573792143338,-73.986989949650265,15
66de1b5b-0aca-11e7-82f6-3863bb44ef7c,Garfield Pl & 8 Ave,3978.13,40.6711978,-73.97484126,25
cd4b8e12-b2c7-479b-900d-59cf7d8c4276,Stewart Ave & Johnson Ave,5123.07,40.70869,-73.92587,17
324e55da-fec0-43a2-b622-27774381ab7f,Amsterdam Ave & W 131 St,7842.16,40.816355,-73.954295,19
13b82a41-c25b-428f-a07b-5f5d8340c6f2,Tiebout Ave & E 184 St,8510.02,40.858498,-73.89637,18
3d1db3fa-1df5-46c8-baf3-619b729f5bda,4 St & Grand St,HB301,40.7422579775645,-74.03511106967926,18
681a8bdb-65ff-4078-a5de-74927502da4e,9 St HBLR - Jackson St & 8 St,HB305,40.747907209688989,-74.038411527872086,18
66dd7f10-0aca-11e7-82f6-3863bb44ef7c,Oakland Ave,JC022,40.7376037,-74.0524783,26
2126623765785393224,89 St & 3 Ave,2345.05,40.62137,-74.03209,20
1871698223344654662,Lee Ave & Taylor St,5053.01,40.706732,-73.961241,25
ec42fb3a-af54-46aa-a8b3-b17d72ed4475,34 Ave & 13 St,6836.07,40.7638753,-73.9364848,19
2ebbe93b-a013-464a-b4a5-0eba96f89676,Myrtle Ave & 65 St,4862.04,40.70117,-73.8904,19
1835249317786962140,99 St & 38 Ave,6423.03,40.75055,-73.86725,30
bfbd1f09-afd2-49d2-8674-3a07b3c929a4,Waterbury St & Stagg St,5099.02,40.71019,-73.93734,23
66dd25e0-0aca-11e7-82f6-3863bb44ef7c,45 Rd & 11 St,6319.01,40.74708586,-73.94977234,23
66dd8bd9-0aca-11e7-82f6-3863bb44ef7c,47 Ave & 31 St,6151.03,40.743,-73.93561,27
60a061d5-d984-4573-af3c-2054f4f59e94,Ditmars Blvd & 48 St,6935.01,40.769219,-73.901001,19
4aecd6f2-8a84-4bed-a528-dc6870877292,Stevens - River Ter & 6 St,HB602,40.743132827105512,-74.026988670229912,18
1848241684520917882,46 Ave & Junction Blvd,6231.01,40.74399,-73.86781,19
66db6963-0aca-11e7-82f6-3863bb44ef7c,E 15 St & 3 Ave,5863.07,40.734232,-73.986923,78
d265dbc7-ef55-4f5b-8a2b-f2015dc71fb8,Crescent St & 35 Ave,6688.01,40.7596276,-73.9321455,25
48e7e465-f861-452a-9bf7-7eacd0b2bcac,48 St & 2 Ave,3283.05,40.650176,-74.015606,19
66db269c-0aca-11e7-82f6-3863bb44ef7c,Franklin St & W Broadway,5430.08,40.71911552,-74.00666661,33
1846085927885781554,Corona Ave & 90 St,6123.02,40.74154,-73.87484,22
28be450b-7878-4495-add2-61afd94f375a,Ditmars Blvd & 73 St,6964.05,40.76817,-73.896293,19
1848242216849312578,43 Ave & 111 St,6405.03,40.74955,-73.85464,19
1b28836b-29fd-47a7-9a98-44cd792918fb,Driggs Ave & N 9 St,5411.08,40.718169694542077,-73.955201357603073,51
bf093f72-1d8d-44ae-91b5-e36958a27976,Page Pl & Grand Ave,5409.02,40.71798,-73.91818,21
8ea3301f-6940-4e0f-80f0-7a3e54b2eaa5,E 133 St & Cypress Pl,7642.04,40.80262,-73.9174,19
0258da92-f770-4acc-b20b-91b78aff791e,Flatbush Ave & Lincoln Rd,3593.1,40.66131,-73.96091,23
4956ad8b-06d6-4af4-bcc8-735c45439608,Cypress Hills St & Otto Rd,4904.03,40.70204,-73.89288,19
528ed1e0-75aa-45be-8afe-c3f1c950782f,Grand Ave & 58 Ave,5471.04,40.72098,-73.90701,20
29a41b09-698f-43e2-82ff-f94f73e74841,41 St & 3 Ave,3388.02,40.652512,-74.008906,19
b79c8433-9dd1-4d68-9156-7f2c2162bafe,35 St & 23 Ave,7047.07,40.773015082913822,-73.911190330982208,28
66db9c2e-0aca-11e7-82f6-3863bb44ef7c,Ave D & E 12 St,5575.08,40.72580614,-73.97422494,41
1859808514684217788,National St & 45 Ave,6264.06,40.74582,-73.86433,22
29223935-a682-411c-9f25-577bbb9804fc,Knickerbocker Ave & Thames St,5018.06,40.70539,-73.92976,20
45e8c326-b12d-4be6-b040-bb6de9986d25,Irving Ave & Harman St,4856.05,40.70108,-73.9179,21
9dde927d-9984-4f97-bcd0-fbcb59e6ca66,57 Rd & 59 St,5510.02,40.72249,-73.90854,19
b9b58379-b29a-4fa8-ba72-c647728e1686,57 Rd & 58 St,5510.05,40.72235,-73.91215,21
46813ecf-8df4-4c8f-9579-0179e0b36ba6,Marshall St & 2 St,HB408,40.740802,-74.042521,18
1851674198082642572,Corona Ave & 111 St,6053.01,40.7408,-73.84978,22
1958457675193833900,1 Ave & E 118 St,7596.11,40.797459,-73.934499,24
d2024260-cc58-451b-9417-3a695f8a1b34,20 Ave & 31 St,7256.01,40.780013366105642,-73.906676173210144,21
cc758f1a-8b28-4ff5-bc75-fbe62c453378,Steinway St & 23 Ave,7009.02,40.7713937,-73.9077436,21
a8560d28-9ee1-4af4-9180-7e9c4dd0d147,E 153 St & E 157 St,8025.01,40.826677,-73.929327,19
1848242143834868452,42 Ave & 108 St,6371.03,40.74944,-73.857920000000007,20
5f798c51-5d8b-4add-9f81-341f54a82ffa,Southwest Park - Jackson St & Observer Hwy,HB401,40.737551272458042,-74.041663706302643,20
e385c162-6a1a-4e7a-90c1-45d5b6fa1195,Madison St & 10 St,HB503,40.749943254122456,-74.035864770412445,21
1828965347681089818,Turner Pl & Coney Island Ave,3157.08,40.64521,-73.97073,20
1848241963446241866,97 St & 57 Ave,5953.03,40.73727,-73.86415,20
1899178885660253096,Borden Ave & 25 St,6086.02,40.7396139,-73.945151,27
9ea2afff-a146-4824-89b6-39d5bdfac795,Grand Ave & Remsen Pl,5570.04,40.72353,-73.89967,21
9bd28b11-cf11-4938-abb2-dfa5ec800e32,Broadway & 12 St,6901.01,40.7668,-73.9347774,31
5adcaaaf-5386-441d-827c-8d65c4f4405e,Amsterdam Ave & W 167 St,8206.17,40.839443,-73.937044,23
99b7c9a5-9679-417f-b884-21c4b240aa99,10 Ave & W 204 St,8579.09,40.862638,-73.92006,20
3a89411a-0bc6-4ba3-bc56-fab950c8eba1,Central Ave & Flushing Ave,4947.04,40.702831,-73.9333,21
1843486667668726558,Queens Blvd & Broadway,5930.02,40.73672,-73.87728,25
1877920686883352866,60 Ave & Junction Blvd,5878.02,40.73466,-73.86501,24
98af0e1d-ea33-4c6e-95fe-97846e81081e,76 St & 21 Ave,7032.02,40.77028,-73.893675,21
1843486757863039016,55 Ave & 90 St,6005.04,40.73676,-73.87318,21
c32d6965-4fae-4f1f-a5f2-7f2ef5f439fc,Madison St & 1 St,HB402,40.73879,-74.0393,21
e6f3c665-0c87-4f34-a5e8-69baeed7b7bf,Eliot Ave & 60 Ln,5248.05,40.71391,-73.90299,22
1843486597735840252,South Railroad Ave & Broadway,6090.03,40.741,-73.88027,25
ffef95fa-600b-4f08-b2ce-e8eb034ebfd8,46 St & Queens Blvd,6209.08,40.743497598369707,-73.918605297803879,33
1815968422007427668,Schenectady Ave & Cortelyou Rd,3155.01,40.64535,-73.93268,22
1838070776953752336,34 Ave & 108 St,6609.03,40.75614,-73.86084,23
fbb2d76c-1d47-4fb1-9c07-622fcace38a5,E 167 St & Clay Ave,8088.01,40.83094,-73.91125,30
1819720453019329398,Ocean Ave & Tennis Ct,3223.07,40.64873,-73.96084,23
d7bdc3d7-6e6d-4899-9cc7-f4238a86c695,43 St & 23 Ave,7009.06,40.769673,-73.906018,23
de6f4206-3aa9-4cb9-aae0-8547d2cd6854,White St & Johnson Ave,5099.03,40.707174,-73.93581,23
aba6e644-3ac8-4cdc-9bc6-763e9d82dee9,Empire Blvd & New York Ave,3728.04,40.66403,-73.94769,23
42bf7170-61ab-44a0-aafe-1b89d7271718,Prospect Park SW & 10 Ave,3611.02,40.659945,-73.977504,30
bda1fab4-5065-42df-a8ff-514e6064ab6e,Maple St & New York Ave,3617.02,40.66104,-73.94795,23
76c1ef9c-3984-4b4e-bff4-5c398e2395bd,36 St & Ditmars Blvd,7111.10,40.774306,-73.908335,25
7a8bf573-275f-41d5-ad8b-1ff9ee7c2dce,31 St & 21 Ave,7202.07,40.77813,-73.90842,27
66dbecd0-0aca-11e7-82f6-3863bb44ef7c,E 9 St & Ave C,5616.01,40.72521311,-73.97768752,50
19d17911-1e4a-41fa-b62b-719aa0a6182e,6 Ave & Walker St,5430.10,40.7197920901383,-74.0052238852195,39
1856847127505992556,Roosevelt Ave & 104 St,6414.07,40.74984,-73.86156,24
66de677e-0aca-11e7-82f6-3863bb44ef7c,E 106 St & Lexington Ave,7504.18,40.791976,-73.945993,27
457ea5d7-d643-4028-87db-46dee0b81555,Kingsland Ave & Nassau Ave,5613.04,40.72577,-73.94173,25
ea9a19a6-acea-4286-a723-b5481c90a3c0,Rutland Rd & Brooklyn Ave,3576.1,40.65969,-73.94517,25
550153a5-2ea1-4c76-b1cd-77667005f55d,Ditmars Blvd & 19 St,7291.06,40.78145,-73.9183302,27
1882735457106787122,11 St & 44 Rd,6319.04,40.749207,-73.949373,27
66dd7b37-0aca-11e7-82f6-3863bb44ef7c,Hamilton Park,JC009,40.727595966,-74.044247311,26
52dd11f4-bbd0-49ab-912b-06fac40d275d,Prospect Park SW & 16 St,3498.09,40.657265,-73.974165,33
66dcf0b3-0aca-11e7-82f6-3863bb44ef7c,Graham Ave & Grand St,5178.06,40.711863,-73.944024,29
2200455765164385302,E 116 St & 1 Ave,7563.07,40.796179352474965,-73.935605313378289,31
e36b5913-8e46-4c2a-b9be-73bdf8ee548b,2 Ave & E 72 St,6925.09,40.7687620293096,-73.958407938480377,55
e2fc6d90-8deb-4e21-961d-9d5208c1f986,E 14 St & 1 Ave,5779.10,40.73139303364151,-73.982867002487183,34
fa14408f-6e88-4668-86ee-ce10ea707f36,Hudson St & N Moore St,5470.13,40.719887998,-74.0086269379,69
897e8739-ee1d-4b2e-b151-ad7e64e87697,Lenox Ave & W 115 St,7627.10,40.8011939,-73.9500739,31
32c60668-a192-4d06-aa7c-6d6f7aed6b45,Vernon Blvd & 10 St,6937.07,40.7671863,-73.9373554,41
1786696251091417274,Eagle St & Manhattan Ave,5902.07,40.735217,-73.954926,35
33840944-aa92-4d91-9de8-d29e5cd0b2d9,Warren St & Smith St,4371.01,40.685424009970177,-73.991277739405632,33
1938139112487078732,E 103 St & 2 Ave,7436.16,40.78864,-73.9436,33
1960019951675478680,W 90 St & Amsterdam Ave,7458.09,40.79018,-73.97289,34
66db75cc-0aca-11e7-82f6-3863bb44ef7c,South St & Gouverneur Ln,4953.04,40.70355377,-74.00670227,43
b516fedb-3ced-4683-8c17-7e5f6dadf04d,Congress St & Hicks St,4497.09,40.6893952,-73.9995126,35
66dbe848-0aca-11e7-82f6-3863bb44ef7c,Centre St & Worth St,5279.03,40.71494807,-74.00234482,120
b47e5ffd-4215-4476-a89b-ebe52111f763,Roosevelt Island Tramway,6599.01,40.757284,-73.9536,39
3edec530-4791-4872-8912-2a2397a903a4,E 6 St & 2 Ave,5669.12,40.727378693232232,-73.988408446311951,69
1e3a16ff-65ba-4d34-b3c6-37aff44e085a,Rutgers St & Henry St,5230.02,40.713321512081862,-73.990096896886826,40
868586b3-ddc7-4b4b-9bed-a1e487033aaa,Pacific St & Smith St,4446.03,40.687880939612775,-73.989392817020416,47
c38e2cfc-04e6-419c-8bf8-d8713ccf6ea7,Bridge St & York St,4853.06,40.701334480669921,-73.984712362289429,54
f8c1c90f-4ec0-44bd-b097-cfafc887744d,Nassau St & Duffield St,4781.05,40.698477,-73.98384,53
66db3f62-0aca-11e7-82f6-3863bb44ef7c,Myrtle Ave & St Edwards St,4659.02,40.69327018,-73.97703874,56
66de5613-0aca-11e7-82f6-3863bb44ef7c,Dean St & Hoyt St,4446.05,40.6864442,-73.98759104,77
66db3ba0-0aca-11e7-82f6-3863bb44ef7c,St Marks Pl & 2 Ave,5669.10,40.7284186,-73.98713956,73
2104286315955915532,W 47 St & 6 Ave,6667.12,40.758154,-73.981957,68
26cae473-0e59-4af7-bad5-bb6fec85c8bc,Madison St & Seneca Ave,4880.11,40.70183,-73.90625,22
66dc840f-0aca-11e7-82f6-3863bb44ef7c,E 33 St & 5 Ave,6322.01,40.74765947,-73.98490707,60
c9cd8c29-7f0b-4979-9a0e-bec4613d2600,Audubon Ave & W 192 St,8469.05,40.855890306038887,-73.927082419395447,21
5e93b806-08e1-4ef9-98ae-d3dda20e0469,Eastern Pkwy & Schenectady Ave,3893.03,40.66876,-73.93376,24
17ba4945-b202-4667-965f-211d80622646,Dock 72 Way & Market St,4804.02,40.69985,-73.97141,22
632b140c-65de-4f50-9cc2-c001ae011aea,E 51 St & 2 Ave,6575.03,40.755293,-73.967641,61
2687f2e1-3529-464d-82eb-e4f61440c563,Woodside Ave & Roosevelt Ave,6234.03,40.74549,-73.90605,19
1869753812884512816,Strong St & University Ave,8707.04,40.87119,-73.89918,20
1838617691511229014,81 St & 35 Ave,6442.08,40.75179,-73.88568,25
904930bd-2671-4695-9c1a-8a894b041129,6 Ave & W 45 St,6593.15,40.756951,-73.982631,67
61be9a4a-737c-413a-9b72-d47b28a366d5,38 St & Northern Blvd,6486.07,40.752372,-73.925384,23
c829b6af-002b-4d04-af56-6924d4ad0aa2,W 190 St & St Nicholas Ave,8453.14,40.854788,-73.929513,28
2108372790290481846,MLK Dr & Bramhall Ave,JC121,40.71647,-74.07413,14
dd8b2f53-8b94-4082-9576-994a4962f9d5,Journal Square,JC103,40.73367,-74.0625,18
33a797e8-6be2-4868-b9f6-1be157eaa0a5,Bergen Ave & Stegman St,JC108,40.706575450634531,-74.0867006778717,19
1804892772559499512,W 25 St & 8 Ave,6297.08,40.746499963333413,-73.997326262936454,33
2171903488884523500,Hull Ave & E 209 St,8775.03,40.87689,-73.87444,14
493850bd-125b-49f5-932b-bf999504fb06,Cauldwell Ave & E 161 St,7952.02,40.82188,-73.907521,18
292ad4f3-9fb0-44ec-9e61-613c711f73c1,Pacific St & Classon Ave,4148.07,40.6791944,-73.9587903,21
595cf79f-7783-4373-b3d5-775bcf76033b,Ogden Ave & Merriam Ave,8218.04,40.839142,-73.925961,19
66dea7b5-0aca-11e7-82f6-3863bb44ef7c,E 53 St & 3 Ave,6617.02,40.757632277394428,-73.969305753707886,41
37a37e5b-f975-4f92-a897-dca8e4670631,46 St & 28 Ave,6842.02,40.763328,-73.908782,19
ffae66ec-7c16-436f-bd0a-eedf81d580e7,E Mosholu Pkwy & Van Cortlandt Ave E,8778.01,40.87656,-73.88366,22
816e50eb-dc4b-47dc-b773-154e2020cb0d,52 St & 6 Ave,3084.05,40.642703,-74.009441,19
4a4c7548-2466-48ef-8d7e-0aa4d6acb69e,Somers St & Rockaway Ave,4170.08,40.67872,-73.91105,20
cd72b9da-b7c6-4785-92b5-0fb2130f0d7b,University Ave & Brandt Pl,8366.07,40.848354,-73.918389,23
fea72f55-d296-47af-9446-149688dcccbd,Franklin Ave & E 169 St,8118.02,40.831692922418441,-73.902106012206332,19
5736cd70-be41-483e-8d82-721874f40e6e,Albany Ave & Park Pl,3975.02,40.67297,-73.93896,20
c0c6a931-c1d3-4202-a433-c4127a4cd846,Westchester Ave & Southern Blvd,8004.03,40.824956,-73.891677,21
eb41a103-0196-4f19-a440-256167191a7d,W 176 St & Montgomery Ave,8366.06,40.849629,-73.919205,19
8a24490d-d5c5-4bac-9e36-56967834fc10,Featherbed Ln & Nelson Ave,8327.15,40.846011,-73.919637,22
24f431ca-c2a5-46be-966b-b8d4c3e4b346,Stephen St & Seneca Ave,4798.10,40.6988,-73.9007,15
672d71ab-2c23-4bd2-9ed2-34e54aa4b5b5,Decatur Ave & E 197 St,8597.01,40.86557,-73.88807,19
bd318c15-5c3d-4e72-9837-3b4bd37707e0,65 Pl & Woodside Ave,6149.02,40.74334,-73.89903,19
90fca941-2212-43bf-b104-ce32c4270d4d,Hoe Ave & Jennings St,8095.06,40.832171,-73.889686,20
3742e2ab-6cd0-40cf-846a-72cbe637afe1,Exchange Pl,JC116,40.716365961850769,-74.034343957901,30
f841ae52-0bbb-49db-b6eb-f898fbce6108,Washington St,JC098,40.7242941,-74.0354826,18
ccfa1f8f-f930-45f2-9cda-375c01596ca2,Grant Ave & MLK Dr,JC107,40.709198322454426,-74.080842733383179,18
068b919c-f649-4091-8e12-ccf37191cad5,Wilkins Ave & Crotona Park E,8167.02,40.835302,-73.895133,19
62f8f806-bd04-4282-9c5d-ad4293644e3c,E Tremont Ave & E 176 St,8356.02,40.847798,-73.901883,21
b713367c-3572-4225-b74a-9319ab537838,Sedgwick Ave & Hall of Fame Terrace,8539.02,40.859532,-73.913303,19
1975518133370609774,Broadway & E 19 St,5980.11,40.73829,-73.99006,99
0f98907a-d4cc-45e0-b174-7d9dfda74106,Steinway St & Broadway,6711.13,40.759057954185863,-73.918975442647934,32
2206772051528680770,62 Dr & 110 St,5936.06,40.73632,-73.84904,14
26b3a82b-3487-44c2-85f1-eddb5a8a3a9d,55 St & Northern Blvd,6502.01,40.75326,-73.90585,23
cf1a96a7-f695-4ba2-bcf2-899552e21e47,Herkimer St & Eastern Pkwy,4129.10,40.67738,-73.90829,20
2171903733697659376,Steuben Ave & E 210 St,8808.02,40.87985,-73.88083,20
0197e9da-ae03-40a7-8270-fe500bfc9e18,Boston Rd & E 167 St,8048.04,40.828199,-73.903719,21
94bcf812-5cff-460c-841f-54876ed1e7a4,Schenectady Ave & Prospect Pl,4007.01,40.67351,-73.93363,19
1860188907884823208,E 180 St & Monterey Ave,8392.02,40.85025,-73.89301,21
59ad8f95-32a4-43de-b1c3-79c667b2d2df,36 Ave & 31 St,6572.08,40.756540051858977,-73.929555582706,27
83d1ff16-ba56-4eae-aa6a-b37b6439db82,53 St & 5 Ave,3129.08,40.643371,-74.011884,30
2124037775602344266,4 Ave & 99 St,2042.01,40.61327,-74.03315,16
2b54cb2c-31be-4620-a13c-0fa72b58c90a,Lincoln Pl & Classon Ave,3960.01,40.6721683,-73.9609,28
96a0b676-e966-4d96-b04b-ceb8149cedcd,E 138 St & Cypress Ave,7669.10,40.805559,-73.914718,23
c46a2889-258b-4fc5-a452-1d4e7dfe683a,3 Ave & Franklin Ave,8012.04,40.82696,-73.907451,19
b0239a13-649a-4d31-aa04-56b8aaeba4d4,39 Ave & 56 St,6349.03,40.74838,-73.90699,18
18846fd4-877c-4971-9b6f-1bd8fbc10346,36 St & Hunters Point Ave,5992.02,40.73781699881193,-73.930240720510483,21
c7be2714-14db-421f-a19e-f6a7bf6e8d26,25 Ave & 41 St,6943.07,40.767666,-73.910963,23
8ce7325e-d5c7-46f9-9b73-95356e48c3eb,Longwood Ave & Southern Blvd,7849.10,40.816343,-73.896447,24
2e74ea1d-02a0-47bf-9665-dce2d65de8d7,W 17 St & 7 Ave,6107.08,40.740564236339523,-73.998525738716125,47
968d40e0-2a5b-4f6c-a161-fad1631b609b,60 Pl & 67 Ave,4985.09,40.70497,-73.89965,15
c1144380-c1ac-4315-9b1a-4b4e870ac688,Hancock St & Malcolm X Blvd,4342.04,40.68487,-73.9293,19
1963272613486484230,E 15 St & 5 Ave,5947.06,40.736592,-73.992949,73
2171903385631266470,Reservoir Oval E & Bainbridge Ave,8763.08,40.87634,-73.87902,16
4bc6f4d0-edd5-4eb0-a704-f7ce0d693aac,Grand Ave & W Fordham Rd,8571.02,40.86288,-73.90316,22
2157736614125310040,Culver Ave & JFK Blvd,JC142,40.71005,-74.08576,16
ef6216aa-d3c8-46bb-8c6b-b62f8ba51b16,Van Sinderen Ave & Truxton St,4161.01,40.6786,-73.90369,23
6fb81fda-f0b5-4242-90f9-88d0214feb8d,Sedgwick Ave & W Tremont Ave,8428.05,40.853044558689852,-73.918306231498718,19
8a89684b-40a5-49fe-b75d-fdf32ffa8102,Southern Blvd & Tiffany St,7867.04,40.818185,-73.894143,20
b64eb0a5-d6d4-4f45-8c9a-e2d004819c99,34 Ave & 31 St,6720.07,40.759604471387945,-73.927144110202789,19
66dbca0f-0aca-11e7-82f6-3863bb44ef7c,William St & Pine St,5065.12,40.70717936,-74.00887308,57
d34f2271-10ee-40c3-a93a-09df58860512,61 St & 60 Ln,4830.02,40.70055,-73.8943,18
062ffe5a-aa91-412d-8210-23d562c7e7f8,72 St & Woodside Ave,6141.02,40.74288,-73.89283,19
1e6c5d0c-f406-4b60-88f6-6284a38d3930,Fulton Ave & E 172 St,8186.01,40.839229,-73.899047,19
db29242d-6ff3-4e22-85fe-45fa3d03ec39,48 St & 50 Ave,6016.06,40.73737,-73.91803,21
b3a9057e-7ff6-4117-b96e-e71c173cf1e9,Brook Ave & E 148 St,7816.14,40.814383,-73.915368,20
1843486301383097150,41 Ave & 80 St,6249.02,40.74586,-73.88539,25
1875413335585534272,E 178 St & Monterey Ave,8351.06,40.84749,-73.89464,21
1828966227118051662,30 Ave & 70 St,6727.02,40.76013,-73.89741,19
3e4a2c26-7527-469c-b4f4-1ef8d40fd20d,Sedgwick Ave & W Burnside Ave,8465.01,40.854947,-73.916661,17
66dcba5e-0aca-11e7-82f6-3863bb44ef7c,Fulton St & Utica Ave,4228.02,40.6794268,-73.9298911,19
0575e356-72f4-4251-8e15-574cf60bd190,Bushwick Ave & Forrest St,4914.03,40.70076,-73.93641,20
537a2f47-26a3-4776-ba9d-e2acd2ffbee1,City Hall - Washington St & 1 St,HB105,40.73736,-74.03097,8
563389a0-d90f-4155-9c50-528459df26aa,Broadway & W 138 St,7942.07,40.82182,-73.95353,27
66de13dc-0aca-11e7-82f6-3863bb44ef7c,Madison Ave & E 99 St,7443.01,40.789485415532148,-73.952429294586182,35
b96507c5-7c90-499d-9c45-58f25d6f636a,Shakespeare Ave & W 169 St,8198.05,40.839312,-73.922423,20
a1112e04-bc50-4782-b3d6-bb5902c0e8db,Broadway & W 133 St,7903.02,40.8190344,-73.956156,21
0ebdda6a-37e4-4ff4-94e8-3947f49d8e24,Knickerbocker Ave & Hancock St,4663.02,40.69385,-73.90974,22
1862759079900600428,University Ave & Morton Pl,8384.04,40.85118155499655,-73.914650589784472,21
d67375ea-3f93-4996-b0dc-f542341f2e6a,43 Ave & 40 St,6292.03,40.74562,-73.92402,21
398aa734-3893-4dba-a704-57ae8632c4f9,30 Ave & 47 St,6774.13,40.761294,-73.909562,21
1947367330341251364,Marcy Ave & Gates Ave,4401.04,40.686679,-73.947417,21
1828967607558607844,32 Ave & 81 St,6677.03,40.75763,-73.88682,19
c63e9937-cadb-4813-aee3-5fd3fcc93767,Malcolm X Blvd & DeKalb Ave,4648.03,40.6938,-73.93114,20
b608193c-46ae-4b61-9e7a-4671e7c3b96e,E 167 St & Bryant Ave,8040.03,40.826754306934433,-73.888718180970571,20
96878d29-481d-48dc-bcdc-a5f1ce88c76d,Macon St & Lewis Ave,4310.06,40.68282,-73.93488,20
0c106e83-c47a-4233-b5e4-62bbb75d0bed,Fulton Ave & E 168 St,8084.03,40.830471,-73.904556,21
361dd964-db79-47dd-b044-eac88c735249,Edgecombe Ave & W 150 St,8049.05,40.826881,-73.941427,20
b1f67e5c-7c26-4bf3-a90e-1500a3160d60,Myrtle Ave & Grove St,4816.05,40.69905,-73.91516,23
30985a9c-afe4-4b98-a72c-2c72bb35603e,Greene Ave & Grandview Ave,5106.04,40.709697,-73.907856,17
d5ca6311-7471-480f-9c79-38baaafe34ba,Broadway & Kosciuszko St,4608.01,40.69329,-73.92852,29
9789dc0f-1eb6-4830-bda9-1ce5f1413e19,6 Ave & 55 St,3000.08,40.640831,-74.010996,19
079b5a90-1d2b-40b2-b1e9-71c075f16b89,Chauncey St & Howard Ave,4293.05,40.68158,-73.91959,21
21361381-fd4a-44a4-bfa7-61f075192ce9,Cedar St & Myrtle Ave,4751.01,40.697842,-73.926241,27
16836c76-c412-4ec3-bac8-3c6a5a3d9745,Madison St & Woodward Ave,4954.07,40.70408,-73.90408,20
fffb18be-14b3-412f-a808-107a98cd9e58,E 182 St & Morris Ave,8494.01,40.856708018312553,-73.902652859687791,19